{
    "available_space": true,
    "id": "m1",
    "size_max": 30.026653289794922,
    "size_mean": 10.50292313773677,
    "size_min": 1.2847909927368164,
    "total_size": 556.6549263000488
}