{
    "available_space": false,
    "id": "m1",
    "size_max": 49.17726707458496,
    "size_mean": 11.031443498467887,
    "size_min": 0.375,
    "total_size": 2051.848490715027
}